Model,Test_RMSE,Test_MAE,Test_MAPE,Test_R2,Type
Linear Regression (BASELINE),0.030357,0.02491,5.16411,0.941676,📌 BASELINE
Ridge Regression,0.030367,0.025864,5.33347,0.941635,🚀 ADVANCED
Random Forest,0.036511,0.029818,5.824987,0.91563,🚀 ADVANCED
Gradient Boosting,0.034981,0.028413,5.574454,0.922555,🚀 ADVANCED
XGBoost,0.034421,0.028177,5.57763,0.925014,🚀 ADVANCED
LightGBM,0.033858,0.027689,5.446915,0.927448,🚀 ADVANCED
SVR,0.037286,0.030371,5.958294,0.912011,🚀 ADVANCED
